{
  "method": {
    "test": "Mann-Whitney U (two-sided, normal approximation with tie correction and continuity correction)",
    "effect_size": "Cliff's delta",
    "multiple_testing": "Benjamini-Hochberg FDR on all 12 tests"
  },
  "generated_at_utc": "2026-05-19T07:09:27.602Z",
  "windows": [
    "window_50",
    "window_100",
    "window_200"
  ],
  "metrics": [
    "cut_ratio",
    "ncut",
    "cluster_entropy_norm",
    "largest_cluster_ratio"
  ],
  "results": [
    {
      "window_name": "window_50",
      "metric": "cut_ratio",
      "n_rumor": 100,
      "n_non_rumor": 100,
      "mean_rumor": 0.03987837730941716,
      "mean_non_rumor": 0.021552231929546407,
      "median_rumor": 0.03989436702422673,
      "median_non_rumor": 0.02102605654433061,
      "diff_mean_r_minus_n": 0.01832614537987075,
      "cliffs_delta": 0.4014,
      "U1": 7007,
      "z_value": 4.9031857100369605,
      "p_value": 9.443024624467e-7,
      "p_value_bh_global": 0.0000113316295493604
    },
    {
      "window_name": "window_50",
      "metric": "ncut",
      "n_rumor": 100,
      "n_non_rumor": 100,
      "mean_rumor": 0.1808230101351192,
      "mean_non_rumor": 0.12134897102048713,
      "median_rumor": 0.18926209264998095,
      "median_non_rumor": 0.10539912943079563,
      "diff_mean_r_minus_n": 0.059474039114632074,
      "cliffs_delta": 0.3698,
      "U1": 6849,
      "z_value": 4.5170888537270475,
      "p_value": 0.000006275455392223961,
      "p_value_bh_global": 0.000037652732353343765
    },
    {
      "window_name": "window_50",
      "metric": "cluster_entropy_norm",
      "n_rumor": 100,
      "n_non_rumor": 100,
      "mean_rumor": 0.6023179967603598,
      "mean_non_rumor": 0.4886848568687897,
      "median_rumor": 0.5842388116399706,
      "median_non_rumor": 0.46899559358639586,
      "diff_mean_r_minus_n": 0.11363313989157009,
      "cliffs_delta": 0.2446,
      "U1": 6223,
      "z_value": 2.9957554752868867,
      "p_value": 0.002737797136934894,
      "p_value_bh_global": 0.008213391410804682
    },
    {
      "window_name": "window_50",
      "metric": "largest_cluster_ratio",
      "n_rumor": 100,
      "n_non_rumor": 100,
      "mean_rumor": 0.8255333333333335,
      "mean_non_rumor": 0.8666862745098043,
      "median_rumor": 0.86,
      "median_non_rumor": 0.9,
      "diff_mean_r_minus_n": -0.041152941176470836,
      "cliffs_delta": -0.2446,
      "U1": 3777,
      "z_value": -2.9957554752868867,
      "p_value": 0.002737797136934894,
      "p_value_bh_global": 0.008213391410804682
    },
    {
      "window_name": "window_100",
      "metric": "cut_ratio",
      "n_rumor": 100,
      "n_non_rumor": 100,
      "mean_rumor": 0.03207512904032046,
      "mean_non_rumor": 0.02388854680458064,
      "median_rumor": 0.029197070776781655,
      "median_non_rumor": 0.02065047130951545,
      "diff_mean_r_minus_n": 0.008186582235739825,
      "cliffs_delta": 0.1902,
      "U1": 5951,
      "z_value": 2.3224585561533284,
      "p_value": 0.02020821002928641,
      "p_value_bh_global": 0.04041642005857282
    },
    {
      "window_name": "window_100",
      "metric": "ncut",
      "n_rumor": 100,
      "n_non_rumor": 100,
      "mean_rumor": 0.15421989935127575,
      "mean_non_rumor": 0.1458339772377253,
      "median_rumor": 0.14725824793221254,
      "median_non_rumor": 0.11529833488170804,
      "diff_mean_r_minus_n": 0.008385922113550465,
      "cliffs_delta": 0.0866,
      "U1": 5433,
      "z_value": 1.0567736197120616,
      "p_value": 0.2906149780267051,
      "p_value_bh_global": 0.3487379736320461
    },
    {
      "window_name": "window_100",
      "metric": "cluster_entropy_norm",
      "n_rumor": 100,
      "n_non_rumor": 100,
      "mean_rumor": 0.5663604414555625,
      "mean_non_rumor": 0.5075642727209043,
      "median_rumor": 0.5146384117230608,
      "median_non_rumor": 0.4527327053238067,
      "diff_mean_r_minus_n": 0.058796168734658205,
      "cliffs_delta": 0.127,
      "U1": 5635,
      "z_value": 1.552130451030668,
      "p_value": 0.12063104165119887,
      "p_value_bh_global": 0.1809465624767983
    },
    {
      "window_name": "window_100",
      "metric": "largest_cluster_ratio",
      "n_rumor": 100,
      "n_non_rumor": 100,
      "mean_rumor": 0.8335000000000001,
      "mean_non_rumor": 0.855408910891089,
      "median_rumor": 0.885,
      "median_non_rumor": 0.905,
      "diff_mean_r_minus_n": -0.021908910891088818,
      "cliffs_delta": -0.127,
      "U1": 4365,
      "z_value": -1.552130451030668,
      "p_value": 0.12063104165119887,
      "p_value_bh_global": 0.1809465624767983
    },
    {
      "window_name": "window_200",
      "metric": "cut_ratio",
      "n_rumor": 100,
      "n_non_rumor": 100,
      "mean_rumor": 0.02510797181386971,
      "mean_non_rumor": 0.018467918983935933,
      "median_rumor": 0.01849845111086275,
      "median_non_rumor": 0.015250376266241572,
      "diff_mean_r_minus_n": 0.006640052829933778,
      "cliffs_delta": 0.1218,
      "U1": 5609,
      "z_value": 1.4868043680802159,
      "p_value": 0.13706655438206639,
      "p_value_bh_global": 0.18275540584275518
    },
    {
      "window_name": "window_200",
      "metric": "ncut",
      "n_rumor": 100,
      "n_non_rumor": 100,
      "mean_rumor": 0.1535575617621438,
      "mean_non_rumor": 0.13026037436278087,
      "median_rumor": 0.15551952637291544,
      "median_non_rumor": 0.11365308620141332,
      "diff_mean_r_minus_n": 0.02329718739936293,
      "cliffs_delta": 0.1962,
      "U1": 5981,
      "z_value": 2.3957463975392796,
      "p_value": 0.016586546566294214,
      "p_value_bh_global": 0.039807711759106114
    },
    {
      "window_name": "window_200",
      "metric": "cluster_entropy_norm",
      "n_rumor": 100,
      "n_non_rumor": 100,
      "mean_rumor": 0.45769194731914936,
      "mean_non_rumor": 0.4484570240788432,
      "median_rumor": 0.38431154412361174,
      "median_non_rumor": 0.36564641611066984,
      "diff_mean_r_minus_n": 0.00923492324030617,
      "cliffs_delta": 0.0218,
      "U1": 5109,
      "z_value": 0.26527268297536466,
      "p_value": 0.7907995285294502,
      "p_value_bh_global": 0.7907995285294502
    },
    {
      "window_name": "window_200",
      "metric": "largest_cluster_ratio",
      "n_rumor": 100,
      "n_non_rumor": 100,
      "mean_rumor": 0.8708499999999998,
      "mean_non_rumor": 0.8761,
      "median_rumor": 0.925,
      "median_non_rumor": 0.93,
      "diff_mean_r_minus_n": -0.005250000000000199,
      "cliffs_delta": -0.0218,
      "U1": 4891,
      "z_value": -0.26527268297536466,
      "p_value": 0.7907995285294502,
      "p_value_bh_global": 0.7907995285294502
    }
  ]
}